URL,Status,Response_Time,Error
https://changdiving.com/de/product/advanced-nitrox/,200,0.924497,
https://changdiving.com/de/product/advanced-wreck/,200,0.913269,
https://changdiving.com/de/product/advanced/,200,0.898788,
https://changdiving.com/de/product/deco-procedures/,200,0.929031,
https://changdiving.com/de/product/deep-diver/,200,0.858193,
https://changdiving.com/de/product/deep-wreck-nitrox/,200,0.873535,
https://changdiving.com/de/product/divemaster/,200,0.856121,
https://changdiving.com/de/product/efr-instructor/,200,0.832593,
https://changdiving.com/de/product/first-aid/,200,0.770842,
https://changdiving.com/de/product/fun-dives/,200,0.910379,
https://changdiving.com/de/product/instructor-crossover/,200,0.914234,
https://changdiving.com/de/product/insurance/,200,0.833987,
https://changdiving.com/de/product/intro-to-tech/,200,0.886758,
https://changdiving.com/de/product/master-scuba-diver/,200,0.897959,
https://changdiving.com/de/product/navigation/,200,0.869560,
https://changdiving.com/de/product/night/,200,0.889405,
https://changdiving.com/de/product/nitrox-diver/,200,0.937600,
https://changdiving.com/de/product/open-advanced-package/,200,0.901638,
https://changdiving.com/de/product/open-to-divemaster/,200,0.838907,
https://changdiving.com/de/product/open-water-diver/,200,0.889918,
https://changdiving.com/de/product/rent-gopro/,200,0.828568,
https://changdiving.com/de/product/rescue-diver/,200,0.930626,
https://changdiving.com/de/product/scuba-review/,200,0.930167,
https://changdiving.com/de/product/sdi-idc/,200,0.833500,
https://changdiving.com/de/product/sdi-ie/,200,0.837852,
https://changdiving.com/de/product/search-recovery/,200,0.924415,
https://changdiving.com/de/product/sidemount/,200,0.866091,
https://changdiving.com/de/product/snorkeling/,200,0.866130,
https://changdiving.com/de/product/solo-diver/,200,0.885011,
https://changdiving.com/de/product/tech-package/,200,0.876264,
https://changdiving.com/de/product/try-dive/,200,0.875946,
https://changdiving.com/de/product/wreck-diver/,200,0.848636,
https://changdiving.com/en/product/advanced-nitrox/,200,0.902433,
https://changdiving.com/en/product/advanced-wreck/,200,0.907635,
https://changdiving.com/en/product/advanced/,200,0.879858,
https://changdiving.com/en/product/deco-procedures/,200,0.870853,
https://changdiving.com/en/product/deep-diver/,200,0.877146,
https://changdiving.com/en/product/deep-wreck-nitrox/,301,0.621673,
https://changdiving.com/en/product/divemaster/,200,0.872081,
https://changdiving.com/en/product/efr-instructor/,200,0.841826,
https://changdiving.com/en/product/first-aid/,200,0.830991,
https://changdiving.com/en/product/fun-dives/,200,0.863101,
https://changdiving.com/en/product/instructor-crossover/,200,0.859081,
https://changdiving.com/en/product/insurance/,200,0.854747,
https://changdiving.com/en/product/intro-to-tech/,200,0.884491,
https://changdiving.com/en/product/master-scuba-diver/,200,0.901703,
https://changdiving.com/en/product/navigation/,200,0.901994,
https://changdiving.com/en/product/night/,200,0.870436,
https://changdiving.com/en/product/nitrox-diver/,200,0.892361,
https://changdiving.com/en/product/open-advanced-package/,200,0.862782,
https://changdiving.com/en/product/open-to-divemaster/,200,0.880928,
https://changdiving.com/en/product/open-water-diver/,200,0.944018,
https://changdiving.com/en/product/rent-gopro/,200,0.827031,
https://changdiving.com/en/product/rescue-diver/,200,0.940042,
https://changdiving.com/en/product/scuba-review/,200,0.882407,
https://changdiving.com/en/product/sdi-idc/,200,0.846221,
https://changdiving.com/en/product/sdi-ie/,200,0.840589,
https://changdiving.com/en/product/search-recovery/,200,0.866033,
https://changdiving.com/en/product/sidemount/,200,0.924102,
https://changdiving.com/en/product/snorkeling/,200,0.863676,
https://changdiving.com/en/product/solo-diver/,200,0.854668,
https://changdiving.com/en/product/tech-package/,200,0.856455,
https://changdiving.com/en/product/try-dive/,200,0.868688,
https://changdiving.com/en/product/wreck-diver/,200,0.864072,
https://changdiving.com/th/product/advanced-nitrox/,200,0.954021,
https://changdiving.com/th/product/advanced-wreck/,200,0.920918,
https://changdiving.com/th/product/advanced/,200,0.922786,
https://changdiving.com/th/product/deco-procedures/,200,0.909867,
https://changdiving.com/th/product/deep-diver/,200,0.954683,
https://changdiving.com/th/product/deep-wreck-nitrox/,301,0.590472,
https://changdiving.com/th/product/divemaster/,200,0.910409,
https://changdiving.com/th/product/efr-instructor/,200,0.890093,
https://changdiving.com/th/product/first-aid/,200,0.847389,
https://changdiving.com/th/product/fun-dives/,200,0.955491,
https://changdiving.com/th/product/instructor-crossover/,200,0.935747,
https://changdiving.com/th/product/insurance/,200,0.892412,
https://changdiving.com/th/product/intro-to-tech/,200,0.915484,
https://changdiving.com/th/product/master-scuba-diver/,200,0.970342,
https://changdiving.com/th/product/navigation/,200,0.921682,
https://changdiving.com/th/product/night/,200,0.920621,
https://changdiving.com/th/product/nitrox-diver/,200,0.935893,
https://changdiving.com/th/product/open-advanced-package/,200,0.954721,
https://changdiving.com/th/product/open-to-divemaster/,200,0.902811,
https://changdiving.com/th/product/open-water-diver/,200,0.939399,
https://changdiving.com/th/product/rent-gopro/,200,0.830521,
https://changdiving.com/th/product/rescue-diver/,200,0.953559,
https://changdiving.com/th/product/scuba-review/,200,0.930514,
https://changdiving.com/th/product/sdi-idc/,200,0.886520,
https://changdiving.com/th/product/sdi-ie/,200,0.906828,
https://changdiving.com/th/product/search-recovery/,200,0.906148,
https://changdiving.com/th/product/sidemount/,200,0.932538,
https://changdiving.com/th/product/snorkeling/,200,0.918116,
https://changdiving.com/th/product/solo-diver/,200,0.977445,
https://changdiving.com/th/product/tech-package/,200,0.915483,
https://changdiving.com/th/product/try-dive/,200,0.939131,
https://changdiving.com/th/product/wreck-diver/,200,0.916195,
https://changdiving.com/de/about/,200,0.833974,
https://changdiving.com/de/posts/scuba-knowledge/about-search-recovery/,200,0.871847,
https://changdiving.com/de/posts/tips-and-tricks/about-underwater-photography/,200,0.828230,
https://changdiving.com/de/prices/,200,0.843667,
https://changdiving.com/en/about/,200,0.831548,
https://changdiving.com/en/posts/scuba-knowledge/about-search-recovery/,200,0.844362,
https://changdiving.com/en/posts/tips-and-tricks/about-underwater-photography/,200,0.854147,
https://changdiving.com/en/prices/,200,0.785306,
https://changdiving.com/th/about/,200,0.856270,
https://changdiving.com/th/posts/scuba-knowledge/about-search-recovery/,200,0.889209,
https://changdiving.com/th/posts/tips-and-tricks/about-underwater-photography/,200,0.883188,
https://changdiving.com/th/prices/,200,0.807437,
https://changdiving.com/de/contact/,200,0.670892,
https://changdiving.com/de/dive-sites/,200,0.863397,
https://changdiving.com/de/dive-sites/blueberry-hill/,200,0.846189,
https://changdiving.com/de/dive-sites/dive-site-map-koh-chang/,200,0.923662,
https://changdiving.com/de/dive-sites/hin-luk-bat/,200,0.840921,
https://changdiving.com/de/dive-sites/hin-pray-nam/,200,0.911936,
https://changdiving.com/de/dive-sites/hin-raab-north/,200,0.845322,
https://changdiving.com/de/dive-sites/hin-raab-south/,200,0.862421,
https://changdiving.com/de/dive-sites/hin-rua-tek/,200,0.828289,
https://changdiving.com/de/dive-sites/hin-sam-sao/,200,0.849459,
https://changdiving.com/de/dive-sites/htms-chang-wreck/,200,0.849398,
https://changdiving.com/de/dive-sites/koh-rang-pinnacle/,200,0.837288,
https://changdiving.com/de/dive-sites/koho-maru-5/,200,0.772759,
https://changdiving.com/de/dive-sites/phutthayotfa-chulalok-wreck-koh-chang/,200,0.830265,
https://changdiving.com/de/dive-sites/secret-reef/,200,0.824904,
https://changdiving.com/de/dive-sites/t11-wreck/,200,0.850461,
https://changdiving.com/en/contact/,200,0.669109,
https://changdiving.com/en/dive-sites/,200,0.875628,
https://changdiving.com/en/dive-sites/blueberry-hill/,200,0.812052,
https://changdiving.com/en/dive-sites/dive-site-map-koh-chang/,200,0.907737,
https://changdiving.com/en/dive-sites/hin-luk-bat/,200,0.804913,
https://changdiving.com/en/dive-sites/hin-pray-nam/,200,0.818432,
https://changdiving.com/en/dive-sites/hin-raab-north/,200,0.835039,
https://changdiving.com/en/dive-sites/hin-raab-south/,200,0.848678,
https://changdiving.com/en/dive-sites/hin-rua-tek/,200,0.901509,
https://changdiving.com/en/dive-sites/hin-sam-sao/,200,0.830861,
https://changdiving.com/en/dive-sites/htms-chang-wreck/,200,0.866351,
https://changdiving.com/en/dive-sites/koh-rang-pinnacle/,200,0.856949,
https://changdiving.com/en/dive-sites/koho-maru-5/,200,0.825815,
https://changdiving.com/en/dive-sites/phutthayotfa-chulalok-wreck-koh-chang/,200,0.766386,
https://changdiving.com/en/dive-sites/secret-reef/,200,0.829054,
https://changdiving.com/en/dive-sites/t11-wreck/,200,0.855894,
https://changdiving.com/th/contact/,200,0.666575,
https://changdiving.com/th/dive-sites/,200,0.896315,
https://changdiving.com/th/dive-sites/blueberry-hill/,200,0.851943,
https://changdiving.com/th/dive-sites/dive-site-map-koh-chang/,200,0.907932,
https://changdiving.com/th/dive-sites/hin-luk-bat/,200,0.863286,
https://changdiving.com/th/dive-sites/hin-pray-nam/,200,0.866146,
https://changdiving.com/th/dive-sites/hin-raab-north/,200,0.865977,
https://changdiving.com/th/dive-sites/hin-raab-south/,200,0.875726,
https://changdiving.com/th/dive-sites/hin-rua-tek/,200,0.890097,
https://changdiving.com/th/dive-sites/hin-sam-sao/,200,0.844626,
https://changdiving.com/th/dive-sites/htms-chang-wreck/,200,0.864300,
https://changdiving.com/th/dive-sites/koh-rang-pinnacle/,200,0.851200,
https://changdiving.com/th/dive-sites/koho-maru-5/,200,0.882216,
https://changdiving.com/th/dive-sites/phutthayotfa-chulalok-wreck-koh-chang/,200,0.825644,
https://changdiving.com/th/dive-sites/secret-reef/,200,0.846175,
https://changdiving.com/th/dive-sites/t11-wreck/,200,0.875877,
https://changdiving.com/de/posts/,200,0.769690,
https://changdiving.com/de/posts/diving-how-to-guides-koh-chang/,200,0.849594,
https://changdiving.com/de/posts/diving-how-to-guides-koh-chang/how-to-advanced-course/,200,0.852155,
https://changdiving.com/de/posts/diving-how-to-guides-koh-chang/how-to-fun-dives/,200,0.880938,
https://changdiving.com/de/posts/diving-how-to-guides-koh-chang/how-to-master-scuba-diver/,200,0.861730,
https://changdiving.com/de/posts/diving-how-to-guides-koh-chang/how-to-open-advanced/,200,0.861906,
https://changdiving.com/de/posts/diving-how-to-guides-koh-chang/how-to-open-water-course/,200,0.878223,
https://changdiving.com/de/posts/diving-how-to-guides-koh-chang/how-to-rescue-diver/,200,0.844321,
https://changdiving.com/de/posts/diving-how-to-guides-koh-chang/how-to-scuba-review/,200,0.834136,
https://changdiving.com/de/posts/diving-how-to-guides-koh-chang/how-to-specialty-courses/,200,0.883927,
https://changdiving.com/de/posts/diving-how-to-guides-koh-chang/how-to-try-dive/,200,0.845182,
https://changdiving.com/de/posts/koh-chang-diving-travel-guides/,200,0.767192,
https://changdiving.com/de/posts/koh-chang-diving-travel-guides/beginner-guide/,200,0.833405,
https://changdiving.com/de/posts/koh-chang-diving-travel-guides/thailand-diving-comparison/,200,0.844299,
https://changdiving.com/de/posts/koh-chang-diving-travel-guides/travel-guide/,200,0.908769,
https://changdiving.com/de/posts/marine-life-koh-chang/,200,0.849649,
https://changdiving.com/de/posts/marine-life-koh-chang/marine-life-barracuda/,200,0.862854,
https://changdiving.com/de/posts/marine-life-koh-chang/marine-life-batfish/,200,0.784538,
https://changdiving.com/de/posts/marine-life-koh-chang/marine-life-blacktip-reef-shark/,200,0.834055,
https://changdiving.com/de/posts/marine-life-koh-chang/marine-life-green-sea-turtle/,200,0.797841,
https://changdiving.com/de/posts/marine-life-koh-chang/marine-life-nudibranch/,200,0.812767,
https://changdiving.com/de/posts/marine-life-koh-chang/marine-life-titan-triggerfish/,200,0.772302,
https://changdiving.com/de/posts/marine-life-koh-chang/marine-life-whale-shark/,200,0.843365,
https://changdiving.com/de/posts/marine-life-koh-chang/marine-life/,200,1.332986,
https://changdiving.com/de/posts/scuba-knowledge/,200,0.771716,
https://changdiving.com/de/posts/scuba-knowledge/best-dive-computers/,200,0.836868,
https://changdiving.com/de/posts/scuba-knowledge/dive-logbook/,200,0.832346,
https://changdiving.com/de/posts/scuba-knowledge/gas-consumption/,200,0.839910,
https://changdiving.com/de/posts/scuba-knowledge/nitrox-info/,200,0.825485,
https://changdiving.com/de/posts/scuba-knowledge/safety-check/,200,0.832667,
https://changdiving.com/de/posts/scuba-knowledge/smb-guide/,200,0.824980,
https://changdiving.com/de/posts/scuba-knowledge/wreck-diving-koh-chang/,200,0.854417,
https://changdiving.com/de/posts/straight-talk/,200,0.825396,
https://changdiving.com/de/posts/straight-talk/book-in-advance/,200,0.834660,
https://changdiving.com/de/posts/straight-talk/dive-professional-training/,200,0.841500,
https://changdiving.com/de/posts/straight-talk/diving-myths/,200,0.816275,
https://changdiving.com/de/posts/straight-talk/diving-social-media/,200,0.815028,
https://changdiving.com/de/posts/straight-talk/emergency-plan/,200,0.829928,
https://changdiving.com/de/posts/straight-talk/ocean-climate/,200,0.847586,
https://changdiving.com/de/posts/straight-talk/padi-vs-sdi-tdi/,200,0.857920,
https://changdiving.com/de/posts/straight-talk/sustainable-diving/,200,0.833497,
https://changdiving.com/de/posts/tips-and-tricks/,200,0.848290,
https://changdiving.com/de/posts/tips-and-tricks/deep-diving/,200,0.855543,
https://changdiving.com/de/posts/tips-and-tricks/diving-activities/,200,0.881823,
https://changdiving.com/de/posts/tips-and-tricks/open-water-duration/,200,0.884705,
https://changdiving.com/de/posts/tips-and-tricks/reel-guideline/,200,0.825904,
https://changdiving.com/de/posts/tips-and-tricks/which-course/,200,0.940776,
https://changdiving.com/en/posts/,200,0.871583,
https://changdiving.com/en/posts/diving-how-to-guides-koh-chang/,200,0.873243,
https://changdiving.com/en/posts/diving-how-to-guides-koh-chang/how-to-advanced-course/,200,0.917916,
https://changdiving.com/en/posts/diving-how-to-guides-koh-chang/how-to-fun-dives/,200,0.964149,
https://changdiving.com/en/posts/diving-how-to-guides-koh-chang/how-to-master-scuba-diver/,200,0.881429,
https://changdiving.com/en/posts/diving-how-to-guides-koh-chang/how-to-open-advanced/,200,0.923896,
https://changdiving.com/en/posts/diving-how-to-guides-koh-chang/how-to-open-water-course/,200,0.944197,
https://changdiving.com/en/posts/diving-how-to-guides-koh-chang/how-to-rescue-diver/,200,0.882561,
https://changdiving.com/en/posts/diving-how-to-guides-koh-chang/how-to-scuba-review/,200,0.834176,
https://changdiving.com/en/posts/diving-how-to-guides-koh-chang/how-to-specialty-courses/,200,0.899575,
https://changdiving.com/en/posts/diving-how-to-guides-koh-chang/how-to-try-dive/,200,0.855599,
https://changdiving.com/en/posts/koh-chang-diving-travel-guides/,200,0.770132,
https://changdiving.com/en/posts/koh-chang-diving-travel-guides/beginner-guide/,200,0.852585,
https://changdiving.com/en/posts/koh-chang-diving-travel-guides/thailand-diving-comparison/,200,0.835324,
https://changdiving.com/en/posts/koh-chang-diving-travel-guides/travel-guide/,200,0.870879,
https://changdiving.com/en/posts/marine-life-koh-chang/,200,0.844208,
https://changdiving.com/en/posts/marine-life-koh-chang/marine-life-barracuda/,200,0.832200,
https://changdiving.com/en/posts/marine-life-koh-chang/marine-life-batfish/,200,0.772120,
https://changdiving.com/en/posts/marine-life-koh-chang/marine-life-blacktip-reef-shark/,200,0.774600,
https://changdiving.com/en/posts/marine-life-koh-chang/marine-life-green-sea-turtle/,200,0.842022,
https://changdiving.com/en/posts/marine-life-koh-chang/marine-life-nudibranch/,200,0.850928,
https://changdiving.com/en/posts/marine-life-koh-chang/marine-life-titan-triggerfish/,200,0.790271,
https://changdiving.com/en/posts/marine-life-koh-chang/marine-life-whale-shark/,200,0.841892,
https://changdiving.com/en/posts/marine-life-koh-chang/marine-life/,200,1.317808,
https://changdiving.com/en/posts/scuba-knowledge/,200,0.861949,
https://changdiving.com/en/posts/scuba-knowledge/best-dive-computers/,200,0.827882,
https://changdiving.com/en/posts/scuba-knowledge/dive-logbook/,200,0.843348,
https://changdiving.com/en/posts/scuba-knowledge/gas-consumption/,200,0.870797,
https://changdiving.com/en/posts/scuba-knowledge/nitrox-info/,200,0.819634,
https://changdiving.com/en/posts/scuba-knowledge/safety-check/,200,0.829283,
https://changdiving.com/en/posts/scuba-knowledge/smb-guide/,200,0.848192,
https://changdiving.com/en/posts/scuba-knowledge/wreck-diving-koh-chang/,200,0.820472,
https://changdiving.com/en/posts/straight-talk/,200,0.772387,
https://changdiving.com/en/posts/straight-talk/book-in-advance/,200,0.824015,
https://changdiving.com/en/posts/straight-talk/dive-professional-training/,200,0.881675,
https://changdiving.com/en/posts/straight-talk/diving-myths/,200,0.835260,
https://changdiving.com/en/posts/straight-talk/diving-social-media/,200,0.841292,
https://changdiving.com/en/posts/straight-talk/emergency-plan/,200,0.904203,
https://changdiving.com/en/posts/straight-talk/ocean-climate/,200,0.866735,
https://changdiving.com/en/posts/straight-talk/padi-vs-sdi-tdi/,200,0.887012,
https://changdiving.com/en/posts/straight-talk/sustainable-diving/,200,0.899355,
https://changdiving.com/en/posts/tips-and-tricks/,200,0.819386,
https://changdiving.com/en/posts/tips-and-tricks/deep-diving/,200,0.878240,
https://changdiving.com/en/posts/tips-and-tricks/diving-activities/,200,0.794421,
https://changdiving.com/en/posts/tips-and-tricks/open-water-duration/,200,0.786410,
https://changdiving.com/en/posts/tips-and-tricks/reel-guideline/,200,0.819297,
https://changdiving.com/en/posts/tips-and-tricks/which-course/,200,0.911355,
https://changdiving.com/th/posts/,200,0.884113,
https://changdiving.com/th/posts/diving-how-to-guides-koh-chang/,200,0.870440,
https://changdiving.com/th/posts/diving-how-to-guides-koh-chang/how-to-advanced-course/,200,0.912597,
https://changdiving.com/th/posts/diving-how-to-guides-koh-chang/how-to-fun-dives/,200,0.988872,
https://changdiving.com/th/posts/diving-how-to-guides-koh-chang/how-to-master-scuba-diver/,200,0.918225,
https://changdiving.com/th/posts/diving-how-to-guides-koh-chang/how-to-open-advanced/,200,0.895100,
https://changdiving.com/th/posts/diving-how-to-guides-koh-chang/how-to-open-water-course/,200,0.960466,
https://changdiving.com/th/posts/diving-how-to-guides-koh-chang/how-to-rescue-diver/,200,0.917866,
https://changdiving.com/th/posts/diving-how-to-guides-koh-chang/how-to-scuba-review/,200,0.868182,
https://changdiving.com/th/posts/diving-how-to-guides-koh-chang/how-to-specialty-courses/,200,0.940736,
https://changdiving.com/th/posts/diving-how-to-guides-koh-chang/how-to-try-dive/,200,0.887796,
https://changdiving.com/th/posts/koh-chang-diving-travel-guides/,200,0.838255,
https://changdiving.com/th/posts/koh-chang-diving-travel-guides/beginner-guide/,200,0.902253,
https://changdiving.com/th/posts/koh-chang-diving-travel-guides/thailand-diving-comparison/,200,0.870945,
https://changdiving.com/th/posts/koh-chang-diving-travel-guides/travel-guide/,200,0.908650,
https://changdiving.com/th/posts/marine-life-koh-chang/,200,0.873137,
https://changdiving.com/th/posts/marine-life-koh-chang/marine-life-barracuda/,200,0.856189,
https://changdiving.com/th/posts/marine-life-koh-chang/marine-life-batfish/,200,0.862428,
https://changdiving.com/th/posts/marine-life-koh-chang/marine-life-blacktip-reef-shark/,200,0.846278,
https://changdiving.com/th/posts/marine-life-koh-chang/marine-life-green-sea-turtle/,200,0.857284,
https://changdiving.com/th/posts/marine-life-koh-chang/marine-life-nudibranch/,200,0.850370,
https://changdiving.com/th/posts/marine-life-koh-chang/marine-life-titan-triggerfish/,200,0.865076,
https://changdiving.com/th/posts/marine-life-koh-chang/marine-life-whale-shark/,200,0.871592,
https://changdiving.com/th/posts/marine-life-koh-chang/marine-life/,200,1.385306,
https://changdiving.com/th/posts/scuba-knowledge/,200,0.857163,
https://changdiving.com/th/posts/scuba-knowledge/best-dive-computers/,200,0.872018,
https://changdiving.com/th/posts/scuba-knowledge/dive-logbook/,200,0.932799,
https://changdiving.com/th/posts/scuba-knowledge/gas-consumption/,200,0.904971,
https://changdiving.com/th/posts/scuba-knowledge/nitrox-info/,200,0.889028,
https://changdiving.com/th/posts/scuba-knowledge/safety-check/,200,0.836652,
https://changdiving.com/th/posts/scuba-knowledge/smb-guide/,200,0.850803,
https://changdiving.com/th/posts/scuba-knowledge/wreck-diving-koh-chang/,200,0.901938,
https://changdiving.com/th/posts/straight-talk/,200,0.858304,
https://changdiving.com/th/posts/straight-talk/book-in-advance/,200,0.880403,
https://changdiving.com/th/posts/straight-talk/dive-professional-training/,200,0.886093,
https://changdiving.com/th/posts/straight-talk/diving-myths/,200,0.853730,
https://changdiving.com/th/posts/straight-talk/diving-social-media/,200,0.871391,
https://changdiving.com/th/posts/straight-talk/emergency-plan/,200,0.864191,
https://changdiving.com/th/posts/straight-talk/ocean-climate/,200,0.856664,
https://changdiving.com/th/posts/straight-talk/padi-vs-sdi-tdi/,200,0.909701,
https://changdiving.com/th/posts/straight-talk/sustainable-diving/,200,0.899309,
https://changdiving.com/th/posts/tips-and-tricks/,200,0.839057,
https://changdiving.com/th/posts/tips-and-tricks/deep-diving/,200,0.854447,
https://changdiving.com/th/posts/tips-and-tricks/diving-activities/,200,0.861105,
https://changdiving.com/th/posts/tips-and-tricks/open-water-duration/,200,0.850422,
https://changdiving.com/th/posts/tips-and-tricks/reel-guideline/,200,0.845308,
https://changdiving.com/th/posts/tips-and-tricks/which-course/,200,0.953138,
https://changdiving.com/de/,200,0.981535,
https://changdiving.com/de/faqs/,200,0.834073,
https://changdiving.com/de/faqs/faq-booking-payment-scuba-koh-chang/,200,0.863012,
https://changdiving.com/de/faqs/faq-dive-courses-koh-chang/,200,0.822927,
https://changdiving.com/de/faqs/faq-diving-health-safety-thailand/,200,0.773679,
https://changdiving.com/de/faqs/faq-diving-koh-chang/,200,0.825625,
https://changdiving.com/de/faqs/faq-equipment-logistics-koh-chang/,200,0.885404,
https://changdiving.com/de/faqs/faq-general-questions-koh-chang/,200,0.884260,
https://changdiving.com/de/faqs/faq-getting-here-accommodation/,200,0.774122,
https://changdiving.com/de/faqs/faq-try-dive-fun-dives-koh-chang/,200,0.849734,
https://changdiving.com/de/privacy-policy/,200,0.770463,
https://changdiving.com/de/refund-policy/,200,0.678926,
https://changdiving.com/de/terms-and-conditions/,200,0.869500,
https://changdiving.com/de/videos/,200,0.863077,
https://changdiving.com/de/weather/,200,0.827744,
https://changdiving.com/en/,200,0.975789,
https://changdiving.com/en/faqs/,200,0.868576,
https://changdiving.com/en/faqs/faq-booking-payment-scuba-koh-chang/,200,0.810081,
https://changdiving.com/en/faqs/faq-dive-courses-koh-chang/,200,0.803704,
https://changdiving.com/en/faqs/faq-diving-health-safety-thailand/,200,0.819766,
https://changdiving.com/en/faqs/faq-diving-koh-chang/,200,0.842436,
https://changdiving.com/en/faqs/faq-equipment-logistics-koh-chang/,200,0.940553,
https://changdiving.com/en/faqs/faq-general-questions-koh-chang/,200,0.868740,
https://changdiving.com/en/faqs/faq-getting-here-accommodation/,200,0.844687,
https://changdiving.com/en/faqs/faq-try-dive-fun-dives-koh-chang/,200,0.839881,
https://changdiving.com/en/privacy-policy/,200,0.784589,
https://changdiving.com/en/refund-policy/,200,0.721618,
https://changdiving.com/en/terms-and-conditions/,200,0.900810,
https://changdiving.com/en/videos/,200,0.768549,
https://changdiving.com/en/weather/,200,0.833827,
https://changdiving.com/th/,200,0.985403,
https://changdiving.com/th/faqs/,200,0.911696,
https://changdiving.com/th/faqs/faq-booking-payment-scuba-koh-chang/,200,0.877493,
https://changdiving.com/th/faqs/faq-dive-courses-koh-chang/,200,0.893511,
https://changdiving.com/th/faqs/faq-diving-health-safety-thailand/,200,0.808916,
https://changdiving.com/th/faqs/faq-diving-koh-chang/,200,0.843157,
https://changdiving.com/th/faqs/faq-equipment-logistics-koh-chang/,200,0.881519,
https://changdiving.com/th/faqs/faq-general-questions-koh-chang/,200,0.975208,
https://changdiving.com/th/faqs/faq-getting-here-accommodation/,200,0.827994,
https://changdiving.com/th/faqs/faq-try-dive-fun-dives-koh-chang/,301,0.651205,
https://changdiving.com/th/privacy-policy/,200,0.864121,
https://changdiving.com/th/refund-policy/,200,0.798163,
https://changdiving.com/th/terms-and-conditions/,200,0.975628,
https://changdiving.com/th/videos/,200,0.832401,
https://changdiving.com/th/weather/,200,0.845238,
https://changdiving.com/de/store/,200,0.843004,
https://changdiving.com/de/store/category/,200,0.671197,
https://changdiving.com/de/store/category/courses/,200,0.901062,
https://changdiving.com/de/store/category/courses/advanced-courses/,200,0.766844,
https://changdiving.com/de/store/category/courses/beginner-courses/,200,0.764400,
https://changdiving.com/de/store/category/courses/professional-courses/,200,0.819368,
https://changdiving.com/de/store/category/courses/speciality/,200,0.827023,
https://changdiving.com/de/store/category/courses/technical-diving-courses/,200,0.769800,
https://changdiving.com/de/store/category/day-trips/,200,0.787804,
https://changdiving.com/de/store/category/equipment/,200,0.702316,
https://changdiving.com/en/store/,200,0.767736,
https://changdiving.com/en/store/category/,200,0.689037,
https://changdiving.com/en/store/category/courses/,200,0.907626,
https://changdiving.com/en/store/category/courses/advanced-courses/,200,0.770152,
https://changdiving.com/en/store/category/courses/beginner-courses/,200,0.764585,
https://changdiving.com/en/store/category/courses/professional-courses/,200,0.831223,
https://changdiving.com/en/store/category/courses/speciality/,200,0.859668,
https://changdiving.com/en/store/category/courses/technical-diving-courses/,200,0.770579,
https://changdiving.com/en/store/category/day-trips/,200,0.829792,
https://changdiving.com/en/store/category/equipment/,200,0.691645,
https://changdiving.com/th/store/,200,0.766183,
https://changdiving.com/th/store/category/,200,0.704999,
https://changdiving.com/th/store/category/courses/,200,0.932154,
https://changdiving.com/th/store/category/courses/advanced-courses/,200,0.850672,
https://changdiving.com/th/store/category/courses/beginner-courses/,200,0.878092,
https://changdiving.com/th/store/category/courses/professional-courses/,200,0.829941,
https://changdiving.com/th/store/category/courses/speciality/,200,0.863629,
https://changdiving.com/th/store/category/courses/technical-diving-courses/,200,0.821692,
https://changdiving.com/th/store/category/day-trips/,200,0.843151,
https://changdiving.com/th/store/category/equipment/,200,0.811796,
